"Freq [MHz]","Gap [mm]","k1 []","I1 [A]","CoreLoss+SolidLoss [W]"
1,0.2,0,0.2,0.005235239955
1,0.2,0,0.25,0.008290567429
1,0.2,0,0.3,0.0120801499
1,0.2,0,0.35,0.01661762736
1,0.2,0,0.4,0.02191540982
1,0.2,0,0.45,0.02798489727
1,0.2,0,0.5,0.03483668972
1,0.2,0,0.55,0.04248075716
1,0.2,0,0.6,0.05092645959
1,0.2,0,0.65,0.06018279702
1,0.2,0,0.7,0.07025818944
1,0.2,0,0.75,0.08116073686
1,0.2,0,0.8,0.09289833927
1,0.2,0,0.85,0.10547849668
1,0.2,0,0.9,0.11890830908
1,0.2,0,0.95,0.1331949765
1,0.2,0,1,0.1483450989
1,0.2,0,1.05,0.1643653763
1,0.2,0,1.1,0.1812622086
1,0.2,0,1.15,0.199041696
1,0.2,0,1.2,0.2177100384
1,0.2,0,1.25,0.2372731357
1,0.2,0,1.3,0.2577366881
1,0.2,0,1.35,0.2791062954
1,0.2,0,1.4,0.3013875578
1,0.2,0,1.45,0.3245859751
1,0.2,0,1.5,0.3487066474
1,0.2,0,1.55,0.3737552748
1,0.2,0,1.6,0.3997355571
1,0.2,0,1.65,0.4266535944
1,0.2,0,1.7,0.4545143867
1,0.2,0,1.75,0.483322934
1,0.2,0,1.8,0.5130832363
1,0.2,0,1.85,0.5438002936
1,0.2,0,1.9,0.5754791059
1,0.2,0,1.95,0.6081226732
1,0.2,0,2,0.6417379955
1,0.2,0,2.05,0.6763270727
1,0.2,0,2.1,0.711894905
1,0.2,0,2.15,0.7484464923
1,0.2,0,2.2,0.7859858345
1,0.2,0,2.25,0.8245159318
1,0.2,0,2.3,0.864042784
1,0.2,0,2.35,0.9045683912
1,0.2,0,2.4,0.9460987535
1,0.2,0,2.45,0.9886358707
1,0.2,0,2.5,1.0321857429
1,0.2,0,2.6,1.1223347523
1,0.2,0,2.8,1.3149378311
1,0.2,0,3,1.52414399
1,0.2,0,3.2,1.750178228
1,0.2,0,3.4,1.993257547
1,0.2,0,3.6,2.253590945
1,0.2,0,3.8,2.531380424
1,0.2,0,4,2.826825982
1,0.2,0,4.2,3.14010362
1,0.2,0,4.4,3.471413338
1,0.2,0,4.6,3.820935136
1,0.2,0,4.8,4.188839014
1,0.2,0,5,4.575284972
1,0.2,0.6666666666666,0.2,0.003109010922
1,0.2,0.6666666666666,0.25,0.004968281441
1,0.2,0.6666666666666,0.3,0.007295982075
1,0.2,0.6666666666666,0.35,0.010105762825
1,0.2,0.6666666666666,0.4,0.01341001369
1,0.2,0.6666666666666,0.45,0.01722012467
1,0.2,0.6666666666666,0.5,0.02154671577
1,0.2,0.6666666666666,0.55,0.02639972698
1,0.2,0.6666666666666,0.6,0.0317885483
1,0.2,0.6666666666666,0.65,0.03772209974
1,0.2,0.6666666666666,0.7,0.0442088713
1,0.2,0.6666666666666,0.75,0.05125696297
1,0.2,0.6666666666666,0.8,0.05887417476
1,0.2,0.6666666666666,0.85,0.06706800666
1,0.2,0.6666666666666,0.9,0.07584585868
1,0.2,0.6666666666666,0.95,0.08521443081
1,0.2,0.6666666666666,1,0.09518072306
1,0.2,0.6666666666666,1.05,0.10575133543
1,0.2,0.6666666666666,1.1,0.1169324679
1,0.2,0.6666666666666,1.15,0.1287305205
1,0.2,0.6666666666666,1.2,0.14115139321
1,0.2,0.6666666666666,1.25,0.15420108603
1,0.2,0.6666666666666,1.3,0.167885399
1,0.2,0.6666666666666,1.35,0.182209932
1,0.2,0.6666666666666,1.4,0.1971801852
1,0.2,0.6666666666666,1.45,0.2128016585
1,0.2,0.6666666666666,1.5,0.2290794519
1,0.2,0.6666666666666,1.55,0.2460186654
1,0.2,0.6666666666666,1.6,0.263625299
1,0.2,0.6666666666666,1.65,0.2819029528
1,0.2,0.6666666666666,1.7,0.3008576266
1,0.2,0.6666666666666,1.75,0.3204933206
1,0.2,0.6666666666666,1.8,0.3408150347
1,0.2,0.6666666666666,1.85,0.3618277689
1,0.2,0.6666666666666,1.9,0.3835355233
1,0.2,0.6666666666666,1.95,0.4059442977
1,0.2,0.6666666666666,2,0.4290560922
1,0.2,0.6666666666666,2.05,0.4528779069
1,0.2,0.6666666666666,2.1,0.4774117417
1,0.2,0.6666666666666,2.15,0.5026635966
1,0.2,0.6666666666666,2.2,0.5286364716
1,0.2,0.6666666666666,2.25,0.5553353667
1,0.2,0.6666666666666,2.3,0.582764282
1,0.2,0.6666666666666,2.35,0.6109262174
1,0.2,0.6666666666666,2.4,0.6398271728
1,0.2,0.6666666666666,2.45,0.6694691484
1,0.2,0.6666666666666,2.5,0.6998561441
1,0.2,0.6666666666666,2.6,0.7628841959
1,0.2,0.6666666666666,2.8,0.8980545408
1,0.2,0.6666666666666,3,1.0455722076
1,0.2,0.6666666666666,3.2,1.2056611961
1,0.2,0.6666666666666,3.4,1.3785405066
1,0.2,0.6666666666666,3.6,1.5644181389
1,0.2,0.6666666666666,3.8,1.763495093
1,0.2,0.6666666666666,4,1.975964369
1,0.2,0.6666666666666,4.2,2.202030967
1,0.2,0.6666666666666,4.4,2.441857886
1,0.2,0.6666666666666,4.6,2.695645128
1,0.2,0.6666666666666,4.8,2.963542691
1,0.2,0.6666666666666,5,3.245750577
1,0.2,1,0.2,0.003863605281
1,0.2,1,0.25,0.006147307626
1,0.2,1,0.3,0.008993747381
1,0.2,1,0.35,0.012416572547
1,0.2,1,0.4,0.01642816312
1,0.2,1,0.45,0.02103990911
1,0.2,1,0.5,0.0262624305
1,0.2,1,0.55,0.03210565731
1,0.2,1,0.6,0.03857900952
1,0.2,1,0.65,0.04569137715
1,0.2,1,0.7,0.05345121019
1,0.2,1,0.75,0.06186660863
1,0.2,1,0.8,0.07094547249
1,0.2,1,0.85,0.08069530175
1,0.2,1,0.9,0.09112329643
1,0.2,1,0.95,0.10223645652
1,0.2,1,1,0.11404148201
1,0.2,1,1.05,0.12654507292
1,0.2,1,1.1,0.13975352924
1,0.2,1,1.15,0.153673051
1,0.2,1,1.2,0.1683098381
1,0.2,1,1.25,0.1836696906
1,0.2,1,1.3,0.1997584086
1,0.2,1,1.35,0.216581492
1,0.2,1,1.4,0.2341447407
1,0.2,1,1.45,0.2524532549
1,0.2,1,1.5,0.2715125345
1,0.2,1,1.55,0.2913275795
1,0.2,1,1.6,0.31190409
1,0.2,1,1.65,0.3332459658
1,0.2,1,1.7,0.355358207
1,0.2,1,1.75,0.3782468137
1,0.2,1,1.8,0.4019157857
1,0.2,1,1.85,0.4263701232
1,0.2,1,1.9,0.4516138261
1,0.2,1,1.95,0.4776508944
1,0.2,1,2,0.5044873281
1,0.2,1,2.05,0.5321271272
1,0.2,1,2.1,0.5605742917
1,0.2,1,2.15,0.5898318216
1,0.2,1,2.2,0.6199067169
1,0.2,1,2.25,0.6507999777
1,0.2,1,2.3,0.6825186039
1,0.2,1,2.35,0.7150645954
1,0.2,1,2.4,0.7484429524
1,0.2,1,2.45,0.7826566748
1,0.2,1,2.5,0.8177107626
1,0.2,1,2.6,0.8903540344
1,0.2,1,2.8,1.045885963
1,0.2,1,3,1.2152737381
1,0.2,1,3.2,1.3987403598
1,0.2,1,3.4,1.5965048281
1,0.2,1,3.6,1.808774143
1,0.2,1,3.8,2.035751304
1,0.2,1,4,2.277629312
1,0.2,1,4.2,2.534611167
1,0.2,1,4.4,2.806862868
1,0.2,1,4.6,3.094574415
1,0.2,1,4.8,3.39791581
1,0.2,1,5,3.71705705
1,0.3,0,0.2,0.004823998457
1,0.3,0,0.25,0.007588708276
1,0.3,0,0.3,0.01099341928
1,0.3,0,0.35,0.01504445546
1,0.3,0,0.4,0.01974757183
1,0.3,0,0.45,0.02510803638
1,0.3,0,0.5,0.03113077911
1,0.3,0,0.55,0.03782041002
1,0.3,0,0.6,0.04518128911
1,0.3,0,0.65,0.05321752639
1,0.3,0,0.7,0.06193308185
1,0.3,0,0.75,0.07133171549
1,0.3,0,0.8,0.08141704731
1,0.3,0,0.85,0.09219257732
1,0.3,0,0.9,0.1036615455
1,0.3,0,0.95,0.1158273319
1,0.3,0,1,0.1286930364
1,0.3,0,1.05,0.1422617592
1,0.3,0,1.1,0.1565364001
1,0.3,0,1.15,0.1715197592
1,0.3,0,1.2,0.1872148364
1,0.3,0,1.25,0.2036242319
1,0.3,0,1.3,0.2207507456
1,0.3,0,1.35,0.2385967774
1,0.3,0,1.4,0.2571651274
1,0.3,0,1.45,0.2764580956
1,0.3,0,1.5,0.296478282
1,0.3,0,1.55,0.3172279865
1,0.3,0,1.6,0.3387096092
1,0.3,0,1.65,0.3609255502
1,0.3,0,1.7,0.3838779093
1,0.3,0,1.75,0.4075690865
1,0.3,0,1.8,0.432001182
1,0.3,0,1.85,0.4571763957
1,0.3,0,1.9,0.4830968275
1,0.3,0,1.95,0.5097645775
1,0.3,0,2,0.5371817457
1,0.3,0,2.05,0.5653503321
1,0.3,0,2.1,0.5942723366
1,0.3,0,2.15,0.6239493594
1,0.3,0,2.2,0.6543848003
1,0.3,0,2.25,0.6855781594
1,0.3,0,2.3,0.7175334367
1,0.3,0,2.35,0.7502516322
1,0.3,0,2.4,0.7837347458
1,0.3,0,2.45,0.8179847776
1,0.3,0,2.5,0.8530037276
1,0.3,0,2.6,0.9253533822
1,0.3,0,2.8,1.0793517095
1,0.3,0,3,1.245840728
1,0.3,0,3.2,1.424923437
1,0.3,0,3.4,1.616700837
1,0.3,0,3.6,1.821269928
1,0.3,0,3.8,2.03872471
1,0.3,0,4,2.269155183
1,0.3,0,4.2,2.512650346
1,0.3,0,4.4,2.769294201
1,0.3,0,4.6,3.039171747
1,0.3,0,4.8,3.322363983
1,0.3,0,5,3.618948911
1,0.3,0.6666666666666,0.2,0.002704213846
1,0.3,0.6666666666666,0.25,0.004276506072
1,0.3,0.6666666666666,0.3,0.006223799904
1,0.3,0.6666666666666,0.35,0.008552412342
1,0.3,0.6666666666666,0.4,0.011268089385
1,0.3,0.6666666666666,0.45,0.01437611203
1,0.3,0.6666666666666,0.5,0.01788140029
1,0.3,0.6666666666666,0.55,0.02178854415
1,0.3,0.6666666666666,0.6,0.02610191362
1,0.3,0.6666666666666,0.65,0.03082561869
1,0.3,0.6666666666666,0.7,0.03596360937
1,0.3,0.6666666666666,0.75,0.04151964565
1,0.3,0.6666666666666,0.8,0.04749733754
1,0.3,0.6666666666666,0.85,0.05390017504
1,0.3,0.6666666666666,0.9,0.06073144814
1,0.3,0.6666666666666,0.95,0.06799449684
1,0.3,0.6666666666666,1,0.07569242116
1,0.3,0.6666666666666,1.05,0.08382832108
1,0.3,0.6666666666666,1.1,0.0924049966
1,0.3,0.6666666666666,1.15,0.10142544773
1,0.3,0.6666666666666,1.2,0.11089257447
1,0.3,0.6666666666666,1.25,0.12080887681
1,0.3,0.6666666666666,1.3,0.1311771548
1,0.3,0.6666666666666,1.35,0.1420001083
1,0.3,0.6666666666666,1.4,0.1532801375
1,0.3,0.6666666666666,1.45,0.1650198422
1,0.3,0.6666666666666,1.5,0.1772217226
1,0.3,0.6666666666666,1.55,0.1898879786
1,0.3,0.6666666666666,1.6,0.2030211102
1,0.3,0.6666666666666,1.65,0.2166234173
1,0.3,0.6666666666666,1.7,0.2306972001
1,0.3,0.6666666666666,1.75,0.2452446585
1,0.3,0.6666666666666,1.8,0.2602679925
1,0.3,0.6666666666666,1.85,0.2757693022
1,0.3,0.6666666666666,1.9,0.2917507874
1,0.3,0.6666666666666,1.95,0.3082144482
1,0.3,0.6666666666666,2,0.3251625846
1,0.3,0.6666666666666,2.05,0.3425968967
1,0.3,0.6666666666666,2.1,0.3605196843
1,0.3,0.6666666666666,2.15,0.3789329476
1,0.3,0.6666666666666,2.2,0.3978383864
1,0.3,0.6666666666666,2.25,0.4172378009
1,0.3,0.6666666666666,2.3,0.4371331909
1,0.3,0.6666666666666,2.35,0.4575265566
1,0.3,0.6666666666666,2.4,0.4784198979
1,0.3,0.6666666666666,2.45,0.4998152147
1,0.3,0.6666666666666,2.5,0.5217135072
1,0.3,0.6666666666666,2.6,0.567028019
1,0.3,0.6666666666666,2.8,0.6637747499
1,0.3,0.6666666666666,3,0.7687700904
1,0.3,0.6666666666666,3.2,0.8821170406
1,0.3,0.6666666666666,3.4,1.0039176006
1,0.3,0.6666666666666,3.6,1.1342677702
1,0.3,0.6666666666666,3.8,1.2732615495
1,0.3,0.6666666666666,4,1.4209889385
1,0.3,0.6666666666666,4.2,1.577538937
1,0.3,0.6666666666666,4.4,1.742995546
1,0.3,0.6666666666666,4.6,1.917443764
1,0.3,0.6666666666666,4.8,2.100963591
1,0.3,0.6666666666666,5,2.293634029
1,0.3,1,0.2,0.003463025724
1,0.3,1,0.25,0.005462131881
1,0.3,1,0.3,0.007931076629
1,0.3,1,0.35,0.010876178967
1,0.3,1,0.4,0.0143031809
1,0.3,1,0.45,0.01821735442
1,0.3,1,0.5,0.02262362953
1,0.3,1,0.55,0.02752658623
1,0.3,1,0.6,0.03293059452
1,0.3,1,0.65,0.0388397744
1,0.3,1,0.7,0.04525805587
1,0.3,1,0.75,0.05218919893
1,0.3,1,0.8,0.05963683358
1,0.3,1,0.85,0.06760440983
1,0.3,1,0.9,0.07609533766
1,0.3,1,0.95,0.08511270708
1,0.3,1,1,0.0946599181
1,0.3,1,1.05,0.10473977071
1,0.3,1,1.1,0.1153552649
1,0.3,1,1.15,0.1265094007
1,0.3,1,1.2,0.1382049781
1,0.3,1,1.25,0.150444597
1,0.3,1,1.3,0.1632310576
1,0.3,1,1.35,0.1765668597
1,0.3,1,1.4,0.1904546035
1,0.3,1,1.45,0.2048968888
1,0.3,1,1.5,0.2198960157
1,0.3,1,1.55,0.2354543842
1,0.3,1,1.6,0.2515744943
1,0.3,1,1.65,0.268258546
1,0.3,1,1.7,0.2855089393
1,0.3,1,1.75,0.3033276742
1,0.3,1,1.8,0.3217171506
1,0.3,1,1.85,0.3406794687
1,0.3,1,1.9,0.3602167283
1,0.3,1,1.95,0.3803309296
1,0.3,1,2,0.4010243724
1,0.3,1,2.05,0.4222989568
1,0.3,1,2.1,0.4441565828
1,0.3,1,2.15,0.4665995504
1,0.3,1,2.2,0.4896296596
1,0.3,1,2.25,0.5132486104
1,0.3,1,2.3,0.5374574027
1,0.3,1,2.35,0.5622600367
1,0.3,1,2.4,0.5876575122
1,0.3,1,2.45,0.6136508294
1,0.3,1,2.5,0.6402429881
1,0.3,1,2.6,0.6952278303
1,0.3,1,2.8,0.8124546139
1,0.3,1,3,0.9394458629
1,0.3,1,3.2,1.0763065773
1,0.3,1,3.4,1.2231357572
1,0.3,1,3.6,1.380031403
1,0.3,1,3.8,1.547087513
1,0.3,1,4,1.72439409
1,0.3,1,4.2,1.912039131
1,0.3,1,4.4,2.110107638
1,0.3,1,4.6,2.318683611
1,0.3,1,4.8,2.537847049
1,0.3,1,5,2.767677952
1,0.4,0,0.2,0.0046599485
1,0.4,0,0.25,0.007311207344
1,0.4,0,0.3,0.01056666437
1,0.4,0,0.35,0.01443002959
1,0.4,0,0.4,0.018904668
1,0.4,0,0.45,0.02399369559
1,0.4,0,0.5,0.02969997937
1,0.4,0,0.55,0.03602622934
1,0.4,0,0.6,0.0429750055
1,0.4,0,0.65,0.05054872784
1,0.4,0,0.7,0.05874969637
1,0.4,0,0.75,0.06758014109
1,0.4,0,0.8,0.077042162
1,0.4,0,0.85,0.08713780909
1,0.4,0,0.9,0.09786906237
1,0.4,0,0.95,0.1092378018
1,0.4,0,1,0.1212458875
1,0.4,0,1.05,0.1338950593
1,0.4,0,1.1,0.1471871774
1,0.4,0,1.15,0.1611238916
1,0.4,0,1.2,0.175706702
1,0.4,0,1.25,0.1909374086
1,0.4,0,1.3,0.2068174114
1,0.4,0,1.35,0.2233484103
1,0.4,0,1.4,0.2405318055
1,0.4,0,1.45,0.2583689968
1,0.4,0,1.5,0.2768615844
1,0.4,0,1.55,0.2960109681
1,0.4,0,1.6,0.315818448
1,0.4,0,1.65,0.3362853241
1,0.4,0,1.7,0.3574129964
1,0.4,0,1.75,0.3792028648
1,0.4,0,1.8,0.4016561295
1,0.4,0,1.85,0.4247740903
1,0.4,0,1.9,0.4485579474
1,0.4,0,1.95,0.4730089006
1,0.4,0,2,0.49812825
1,0.4,0,2.05,0.5239171956
1,0.4,0,2.1,0.5503768374
1,0.4,0,2.15,0.5775083753
1,0.4,0,2.2,0.6053129095
1,0.4,0,2.25,0.6337916398
1,0.4,0,2.3,0.6629456664
1,0.4,0,2.35,0.6927760891
1,0.4,0,2.4,0.723283908
1,0.4,0,2.45,0.7544703231
1,0.4,0,2.5,0.7863362344
1,0.4,0,2.6,0.8521111455
1,0.4,0,2.8,0.991861222
1,0.4,0,3,1.142598137
1,0.4,0,3.2,1.304383392
1,0.4,0,3.4,1.477275985
1,0.4,0,3.6,1.661331918
1,0.4,0,3.8,1.856606189
1,0.4,0,4,2.0631528
1,0.4,0,4.2,2.281023749
1,0.4,0,4.4,2.510268038
1,0.4,0,4.6,2.750934665
1,0.4,0,4.8,3.003072632
1,0.4,0,5,3.266726937
1,0.4,0.6666666666666,0.2,0.002544730084
1,0.4,0.6666666666666,0.25,0.004006150569
1,0.4,0.6666666666666,0.3,0.005807343939
1,0.4,0.6666666666666,0.35,0.007952018195
1,0.4,0.6666666666666,0.4,0.010443542336
1,0.4,0.6666666666666,0.45,0.01328500436
1,0.4,0.6666666666666,0.5,0.01647929428
1,0.4,0.6666666666666,0.55,0.02002912207
1,0.4,0.6666666666666,0.6,0.02393701776
1,0.4,0.6666666666666,0.65,0.02820542132
1,0.4,0.6666666666666,0.7,0.03283663278
1,0.4,0.6666666666666,0.75,0.03783286212
1,0.4,0.6666666666666,0.8,0.04319621934
1,0.4,0.6666666666666,0.85,0.04892875446
1,0.4,0.6666666666666,0.9,0.05503242745
1,0.4,0.6666666666666,0.95,0.06150914833
1,0.4,0.6666666666666,1,0.0683607471
1,0.4,0.6666666666666,1.05,0.07558904375
1,0.4,0.6666666666666,1.1,0.08319572829
1,0.4,0.6666666666666,1.15,0.09118243072
1,0.4,0.6666666666666,1.2,0.09955095103
1,0.4,0.6666666666666,1.25,0.10830288922
1,0.4,0.6666666666666,1.3,0.1174396453
1,0.4,0.6666666666666,1.35,0.1269628193
1,0.4,0.6666666666666,1.4,0.1368740111
1,0.4,0.6666666666666,1.45,0.1471746209
1,0.4,0.6666666666666,1.5,0.1578660485
1,0.4,0.6666666666666,1.55,0.168949694
1,0.4,0.6666666666666,1.6,0.1804270574
1,0.4,0.6666666666666,1.65,0.1922993387
1,0.4,0.6666666666666,1.7,0.2045680378
1,0.4,0.6666666666666,1.75,0.2172342549
1,0.4,0.6666666666666,1.8,0.2302994898
1,0.4,0.6666666666666,1.85,0.2437649426
1,0.4,0.6666666666666,1.9,0.2576318133
1,0.4,0.6666666666666,1.95,0.2719013019
1,0.4,0.6666666666666,2,0.2865747084
1,0.4,0.6666666666666,2.05,0.3016531328
1,0.4,0.6666666666666,2.1,0.317137775
1,0.4,0.6666666666666,2.15,0.3330299351
1,0.4,0.6666666666666,2.2,0.3493305132
1,0.4,0.6666666666666,2.25,0.3660408091
1,0.4,0.6666666666666,2.3,0.3831619229
1,0.4,0.6666666666666,2.35,0.4006948545
1,0.4,0.6666666666666,2.4,0.4186408041
1,0.4,0.6666666666666,2.45,0.4370007716
1,0.4,0.6666666666666,2.5,0.4557757569
1,0.4,0.6666666666666,2.6,0.4945753812
1,0.4,0.6666666666666,2.8,0.5772010445
1,0.4,0.6666666666666,3,0.6665811939
1,0.4,0.6666666666666,3.2,0.7627776295
1,0.4,0.6666666666666,3.4,0.8658483513
1,0.4,0.6666666666666,3.6,0.9758503592
1,0.4,0.6666666666666,3.8,1.0928396533
1,0.4,0.6666666666666,4,1.2168682336
1,0.4,0.6666666666666,4.2,1.3479881
1,0.4,0.6666666666666,4.4,1.486250253
1,0.4,0.6666666666666,4.6,1.631701691
1,0.4,0.6666666666666,4.8,1.784391416
1,0.4,0.6666666666666,5,1.944364428
1,0.4,1,0.2,0.003307125724
1,0.4,1,0.25,0.005197379382
1,0.4,1,0.3,0.00752269563
1,0.4,1,0.35,0.010286780468
1,0.4,1,0.4,0.0134929949
1,0.4,1,0.45,0.01714444792
1,0.4,1,0.5,0.02124399953
1,0.4,1,0.55,0.02579436973
1,0.4,1,0.6,0.03079809852
1,0.4,1,0.65,0.0362576059
1,0.4,1,0.7,0.04217520187
1,0.4,1,0.75,0.04855308644
1,0.4,1,0.8,0.05539338959
1,0.4,1,0.85,0.06269814133
1,0.4,1,0.9,0.07046930167
1,0.4,1,0.95,0.07870878059
1,0.4,1,1,0.08741841811
1,0.4,1,1.05,0.09659995421
1,0.4,1,1.1,0.10625521891
1,0.4,1,1.15,0.1163859122
1,0.4,1,1.2,0.1269935341
1,0.4,1,1.25,0.1380797845
1,0.4,1,1.3,0.1496461636
1,0.4,1,1.35,0.1616943713
1,0.4,1,1.4,0.1742257075
1,0.4,1,1.45,0.1872417723
1,0.4,1,1.5,0.2007438657
1,0.4,1,1.55,0.2147335878
1,0.4,1,1.6,0.2292121384
1,0.4,1,1.65,0.2441810176
1,0.4,1,1.7,0.2596414253
1,0.4,1,1.75,0.2755947617
1,0.4,1,1.8,0.2920422267
1,0.4,1,1.85,0.3089852202
1,0.4,1,1.9,0.3264249424
1,0.4,1,1.95,0.3443624931
1,0.4,1,2,0.3627992724
1,0.4,1,2.05,0.3817362804
1,0.4,1,2.1,0.4011748169
1,0.4,1,2.15,0.421116082
1,0.4,1,2.2,0.4415610756
1,0.4,1,2.25,0.4625109979
1,0.4,1,2.3,0.4839669488
1,0.4,1,2.35,0.5059300283
1,0.4,1,2.4,0.5284013363
1,0.4,1,2.45,0.5513819729
1,0.4,1,2.5,0.5748729382
1,0.4,1,2.6,0.6233900544
1,0.4,1,2.8,0.72659423
1,0.4,1,3,0.838076463
1,0.4,1,3.2,0.9578989534
1,0.4,1,3.4,1.0861197013
1,0.4,1,3.6,1.222796707
1,0.4,1,3.8,1.367982969
1,0.4,1,4,1.52173349
1,0.4,1,4.2,1.684099267
1,0.4,1,4.4,1.855130303
1,0.4,1,4.6,2.034875595
1,0.4,1,4.8,2.223382145
1,0.4,1,5,2.420696953
1,0.5,0,0.2,0.004568736784
1,0.5,0,0.25,0.007158705163
1,0.5,0,0.3,0.010334254515
1,0.5,0,0.35,0.01409786284
1,0.5,0,0.4,0.01845178014
1,0.5,0,0.45,0.02339807441
1,0.5,0,0.5,0.02893866865
1,0.5,0,0.55,0.03507538087
1,0.5,0,0.6,0.04180990806
1,0.5,0,0.65,0.04914386022
1,0.5,0,0.7,0.05707878736
1,0.5,0,0.75,0.06561616947
1,0.5,0,0.8,0.07475741655
1,0.5,0,0.85,0.0845038886
1,0.5,0,0.9,0.09485690563
1,0.5,0,0.95,0.1058177276
1,0.5,0,1,0.1173876046
1,0.5,0,1.05,0.1295677166
1,0.5,0,1.1,0.1423592235
1,0.5,0,1.15,0.1557632554
1,0.5,0,1.2,0.1697809222
1,0.5,0,1.25,0.1844132541
1,0.5,0,1.3,0.1996613809
1,0.5,0,1.35,0.2155263127
1,0.5,0,1.4,0.2320089494
1,0.5,0,1.45,0.2491102912
1,0.5,0,1.5,0.2668314379
1,0.5,0,1.55,0.2851731895
1,0.5,0,1.6,0.3041365462
1,0.5,0,1.65,0.3237224078
1,0.5,0,1.7,0.3439315744
1,0.5,0,1.75,0.364765046
1,0.5,0,1.8,0.3862236225
1,0.5,0,1.85,0.408308104
1,0.5,0,1.9,0.4310194905
1,0.5,0,1.95,0.454358382
1,0.5,0,2,0.4783256784
1,0.5,0,2.05,0.5029222798
1,0.5,0,2.1,0.5281487862
1,0.5,0,2.15,0.5540060976
1,0.5,0,2.2,0.5804950139
1,0.5,0,2.25,0.6076161352
1,0.5,0,2.3,0.6353702615
1,0.5,0,2.35,0.6637582927
1,0.5,0,2.4,0.6927806289
1,0.5,0,2.45,0.7224382701
1,0.5,0,2.5,0.7527319163
1,0.5,0,2.6,0.8152295235
1,0.5,0,2.8,0.9478859977
1,0.5,0,3,1.0907928515
1,0.5,0,3.2,1.243991185
1,0.5,0,3.4,1.407519498
1,0.5,0,3.6,1.58141589
1,0.5,0,3.8,1.765718362
1,0.5,0,4,1.960460914
1,0.5,0,4.2,2.165679545
1,0.5,0,4.4,2.381406256
1,0.5,0,4.6,2.607674046
1,0.5,0,4.8,2.844515916
1,0.5,0,5,3.091960865
1,0.5,0.6666666666666,0.2,0.002458841506
1,0.5,0.6666666666666,0.25,0.003861969228
1,0.5,0.6666666666666,0.3,0.005586922888
1,0.5,0.6666666666666,0.35,0.007636177486
1,0.5,0.6666666666666,0.4,0.010011980023
1,0.5,0.6666666666666,0.45,0.0127163975
1,0.5,0.6666666666666,0.5,0.01575135691
1,0.5,0.6666666666666,0.55,0.01911865026
1,0.5,0.6666666666666,0.6,0.02281999155
1,0.5,0.6666666666666,0.65,0.02685700078
1,0.5,0.6666666666666,0.7,0.03123119795
1,0.5,0.6666666666666,0.75,0.03594407305
1,0.5,0.6666666666666,0.8,0.04099704609
1,0.5,0.6666666666666,0.85,0.04639145707
1,0.5,0.6666666666666,0.9,0.05212863599
1,0.5,0.6666666666666,0.95,0.05820984285
1,0.5,0.6666666666666,1,0.06463630764
1,0.5,0.6666666666666,1.05,0.07140923038
1,0.5,0.6666666666666,1.1,0.07852976105
1,0.5,0.6666666666666,1.15,0.08599902966
1,0.5,0.6666666666666,1.2,0.09381813621
1,0.5,0.6666666666666,1.25,0.10198818069
1,0.5,0.6666666666666,1.3,0.11051012312
1,0.5,0.6666666666666,1.35,0.1193850535
1,0.5,0.6666666666666,1.4,0.1286139718
1,0.5,0.6666666666666,1.45,0.138197878
1,0.5,0.6666666666666,1.5,0.1481376722
1,0.5,0.6666666666666,1.55,0.1584343543
1,0.5,0.6666666666666,1.6,0.1690887244
1,0.5,0.6666666666666,1.65,0.1801018824
1,0.5,0.6666666666666,1.7,0.1914745283
1,0.5,0.6666666666666,1.75,0.2032076622
1,0.5,0.6666666666666,1.8,0.215302184
1,0.5,0.6666666666666,1.85,0.2277586937
1,0.5,0.6666666666666,1.9,0.2405782914
1,0.5,0.6666666666666,1.95,0.253761677
1,0.5,0.6666666666666,2,0.2673096506
1,0.5,0.6666666666666,2.05,0.2812231121
1,0.5,0.6666666666666,2.1,0.2955026615
1,0.5,0.6666666666666,2.15,0.3101491989
1,0.5,0.6666666666666,2.2,0.3251634242
1,0.5,0.6666666666666,2.25,0.3405462374
1,0.5,0.6666666666666,2.3,0.3562981386
1,0.5,0.6666666666666,2.35,0.3724200278
1,0.5,0.6666666666666,2.4,0.3889127048
1,0.5,0.6666666666666,2.45,0.4057766698
1,0.5,0.6666666666666,2.5,0.4230127228
1,0.5,0.6666666666666,2.6,0.4586039925
1,0.5,0.6666666666666,2.8,0.5342817871
1,0.5,0.6666666666666,3,0.6159887888
1,0.5,0.6666666666666,3.2,0.7037656975
1,0.5,0.6666666666666,3.4,0.7976517132
1,0.5,0.6666666666666,3.6,0.8976853359
1,0.5,0.6666666666666,3.8,1.0039025656
1,0.5,0.6666666666666,4,1.1163394023
1,0.5,0.6666666666666,4.2,1.235028846
1,0.5,0.6666666666666,4.4,1.360006897
1,0.5,0.6666666666666,4.6,1.491303555
1,0.5,0.6666666666666,4.8,1.628952819
1,0.5,0.6666666666666,5,1.772983691
1,0.5,1,0.2,0.003224406761
1,0.5,1,0.25,0.005058152565
1,0.5,1,0.3,0.007309412213
1,0.5,1,0.35,0.009980658707
1,0.5,1,0.4,0.01307413805
1,0.5,1,0.45,0.01659191523
1,0.5,1,0.5,0.02053591226
1,0.5,1,0.55,0.02490793713
1,0.5,1,0.6,0.02970967485
1,0.5,1,0.65,0.03494276542
1,0.5,1,0.7,0.04060872883
1,0.5,1,0.75,0.04670904508
1,0.5,1,0.8,0.05324512418
1,0.5,1,0.85,0.06021833613
1,0.5,1,0.9,0.06762997092
1,0.5,1,0.95,0.07548131856
1,0.5,1,1,0.08377359904
1,0.5,1,1.05,0.09250801236
1,0.5,1,1.1,0.10168569853
1,0.5,1,1.15,0.1113077976
1,0.5,1,1.2,0.1213754094
1,0.5,1,1.25,0.1318895641
1,0.5,1,1.3,0.1428513817
1,0.5,1,1.35,0.1542618921
1,0.5,1,1.4,0.1661219953
1,0.5,1,1.45,0.1784326914
1,0.5,1,1.5,0.1911950803
1,0.5,1,1.55,0.2044098621
1,0.5,1,1.6,0.2180781367
1,0.5,1,1.65,0.2322008042
1,0.5,1,1.7,0.2467786645
1,0.5,1,1.75,0.2618126177
1,0.5,1,1.8,0.2773035637
1,0.5,1,1.85,0.2932523025
1,0.5,1,1.9,0.3096597342
1,0.5,1,1.95,0.3265266588
1,0.5,1,2,0.3438537761
1,0.5,1,2.05,0.3616419864
1,0.5,1,2.1,0.3798920895
1,0.5,1,2.15,0.3986047854
1,0.5,1,2.2,0.4177808741
1,0.5,1,2.25,0.4374210557
1,0.5,1,2.3,0.4575261302
1,0.5,1,2.35,0.4780968975
1,0.5,1,2.4,0.4991338577
1,0.5,1,2.45,0.5206380106
1,0.5,1,2.5,0.5426098565
1,0.5,1,2.6,0.5879595267
1,0.5,1,2.8,0.6843022812
1,0.5,1,3,0.7882046213
1,0.5,1,3.2,0.8997073469
1,0.5,1,3.4,1.0188494581
1,0.5,1,3.6,1.145670455
1,0.5,1,3.8,1.280204337
1,0.5,1,4,1.422488105
1,0.5,1,4.2,1.572556758
1,0.5,1,4.4,1.730442297
1,0.5,1,4.6,1.896177721
1,0.5,1,4.8,2.069795031
1,0.5,1,5,2.251326226
1,0.6,0,0.2,0.004498170473
1,0.6,0,0.25,0.007042913457
1,0.6,0,0.3,0.010160419339
1,0.6,0,0.35,0.01385248402
1,0.6,0,0.4,0.01812073449
1,0.6,0,0.45,0.02296667076
1,0.6,0,0.5,0.02839168683
1,0.6,0,0.55,0.03439708869
1,0.6,0,0.6,0.04098411936
1,0.6,0,0.65,0.04815394181
1,0.6,0,0.7,0.05590766607
1,0.6,0,0.75,0.06424638212
1,0.6,0,0.8,0.07317108996
1,0.6,0,0.85,0.08268279961
1,0.6,0,0.9,0.09278245105
1,0.6,0,0.95,0.10347095429
1,0.6,0,1,0.1147492193
1,0.6,0,1.05,0.1266181061
1,0.6,0,1.1,0.1390784448
1,0.6,0,1.15,0.1521310652
1,0.6,0,1.2,0.1657767574
1,0.6,0,1.25,0.1800163014
1,0.6,0,1.3,0.1948504473
1,0.6,0,1.35,0.2102799449
1,0.6,0,1.4,0.2263055443
1,0.6,0,1.45,0.2429278655
1,0.6,0,1.5,0.2601477085
1,0.6,0,1.55,0.2779656733
1,0.6,0,1.6,0.2963825599
1,0.6,0,1.65,0.3153988682
1,0.6,0,1.7,0.3350152984
1,0.6,0,1.75,0.3552325504
1,0.6,0,1.8,0.3760511242
1,0.6,0,1.85,0.3974717198
1,0.6,0,1.9,0.4194949371
1,0.6,0,1.95,0.4421212763
1,0.6,0,2,0.4653515373
1,0.6,0,2.05,0.48918602
1,0.6,0,2.1,0.5136255246
1,0.6,0,2.15,0.538670451
1,0.6,0,2.2,0.5643214991
1,0.6,0,2.25,0.5905790691
1,0.6,0,2.3,0.6174437608
1,0.6,0,2.35,0.6449161743
1,0.6,0,2.4,0.6729967097
1,0.6,0,2.45,0.7016859668
1,0.6,0,2.5,0.7309844457
1,0.6,0,2.6,0.791411069
1,0.6,0,2.8,0.9195966771
1,0.6,0,3,1.0575845339
1,0.6,0,3.2,1.205404139
1,0.6,0,3.4,1.363084094
1,0.6,0,3.6,1.530651697
1,0.6,0,3.8,1.708133749
1,0.6,0,4,1.895555749
1,0.6,0,4.2,2.092942698
1,0.6,0,4.4,2.300319596
1,0.6,0,4.6,2.517709443
1,0.6,0,4.8,2.745134239
1,0.6,0,5,2.982617983
1,0.6,0.6666666666666,0.2,0.002396833945
1,0.6,0.6666666666666,0.25,0.003759553195
1,0.6,0.6666666666666,0.3,0.005432354401
1,0.6,0.6666666666666,0.35,0.007417027462
1,0.6,0.6666666666666,0.4,0.009715200379
1,0.6,0.6666666666666,0.45,0.01232836915
1,0.6,0.6666666666666,0.5,0.01525792578
1,0.6,0.6666666666666,0.55,0.01850517726
1,0.6,0.6666666666666,0.6,0.0220713536
1,0.6,0.6666666666666,0.65,0.0259576318
1,0.6,0.6666666666666,0.7,0.03016511185
1,0.6,0.6666666666666,0.75,0.03469488376
1,0.6,0.6666666666666,0.8,0.03954794752
1,0.6,0.6666666666666,0.85,0.04472530313
1,0.6,0.6666666666666,0.9,0.05022789061
1,0.6,0.6666666666666,0.95,0.05605663994
1,0.6,0.6666666666666,1,0.06221244112
1,0.6,0.6666666666666,1.05,0.06869614416
1,0.6,0.6666666666666,1.1,0.07550859906
1,0.6,0.6666666666666,1.15,0.08265061581
1,0.6,0.6666666666666,1.2,0.09012299441
1,0.6,0.6666666666666,1.25,0.09792651488
1,0.6,0.6666666666666,1.3,0.10606192719
1,0.6,0.6666666666666,1.35,0.1145299714
1,0.6,0.6666666666666,1.4,0.1233313674
1,0.6,0.6666666666666,1.45,0.1324668653
1,0.6,0.6666666666666,1.5,0.141937035
1,0.6,0.6666666666666,1.55,0.1517427766
1,0.6,0.6666666666666,1.6,0.1618844901
1,0.6,0.6666666666666,1.65,0.1723630754
1,0.6,0.6666666666666,1.7,0.1831790325
1,0.6,0.6666666666666,1.75,0.1943329616
1,0.6,0.6666666666666,1.8,0.2058256624
1,0.6,0.6666666666666,1.85,0.2176576352
1,0.6,0.6666666666666,1.9,0.2298293797
1,0.6,0.6666666666666,1.95,0.2423416962
1,0.6,0.6666666666666,2,0.2551950845
1,0.6,0.6666666666666,2.05,0.2683900446
1,0.6,0.6666666666666,2.1,0.2819271766
1,0.6,0.6666666666666,2.15,0.2958070805
1,0.6,0.6666666666666,2.2,0.3100303562
1,0.6,0.6666666666666,2.25,0.3245974038
1,0.6,0.6666666666666,2.3,0.3395089232
1,0.6,0.6666666666666,2.35,0.3547653145
1,0.6,0.6666666666666,2.4,0.3703671777
1,0.6,0.6666666666666,2.45,0.3863150127
1,0.6,0.6666666666666,2.5,0.4026093195
1,0.6,0.6666666666666,2.6,0.4362393488
1,0.6,0.6666666666666,2.8,0.5076789696
1,0.6,0.6666666666666,3,0.5847169401
1,0.6,0.6666666666666,3.2,0.6673828603
1,0.6,0.6666666666666,3.4,0.7557050302
1,0.6,0.6666666666666,3.6,0.8497110497
1,0.6,0.6666666666666,3.8,0.949427719
1,0.6,0.6666666666666,4,1.0548799379
1,0.6,0.6666666666666,4.2,1.166092707
1,0.6,0.6666666666666,4.4,1.283092025
1,0.6,0.6666666666666,4.6,1.405898893
1,0.6,0.6666666666666,4.8,1.534538311
1,0.6,0.6666666666666,5,1.669031278
1,0.6,1,0.2,0.00316335786
1,0.6,1,0.25,0.004957237032
1,0.6,1,0.3,0.007157006086
1,0.6,1,0.35,0.009764455422
1,0.6,1,0.4,0.01278120904
1,0.6,1,0.45,0.01620876394
1,0.6,1,0.5,0.02004851113
1,0.6,1,0.55,0.02430175459
1,0.6,1,0.6,0.02896973034
1,0.6,1,0.65,0.03405360137
1,0.6,1,0.7,0.03955448769
1,0.6,1,0.75,0.04547344928
1,0.6,1,0.8,0.05181151616
1,0.6,1,0.85,0.05856965833
1,0.6,1,0.9,0.06574884577
1,0.6,1,0.95,0.0733499885
1,0.6,1,1,0.08137397651
1,0.6,1,1.05,0.0898216598
1,0.6,1,1.1,0.09869389837
1,0.6,1,1.15,0.1079914922
1,0.6,1,1.2,0.1177152414
1,0.6,1,1.25,0.1278659258
1,0.6,1,1.3,0.1384442855
1,0.6,1,1.35,0.1494510805
1,0.6,1,1.4,0.1608870508
1,0.6,1,1.45,0.1727528163
1,0.6,1,1.5,0.1850491771
1,0.6,1,1.55,0.1977767333
1,0.6,1,1.6,0.2109362847
1,0.6,1,1.65,0.2245283313
1,0.6,1,1.7,0.2385535733
1,0.6,1,1.75,0.2530126105
1,0.6,1,1.8,0.2679061431
1,0.6,1,1.85,0.2832347709
1,0.6,1,1.9,0.298998994
1,0.6,1,1.95,0.3151995124
1,0.6,1,2,0.331836826
1,0.6,1,2.05,0.348911635
1,0.6,1,2.1,0.3664243392
1,0.6,1,2.15,0.3843756387
1,0.6,1,2.2,0.4027660335
1,0.6,1,2.25,0.4215961236
1,0.6,1,2.3,0.4408663089
1,0.6,1,2.35,0.4605772896
1,0.6,1,2.4,0.4807293655
1,0.6,1,2.45,0.5013233367
1,0.6,1,2.5,0.5223595032
1,0.6,1,2.6,0.565760622
1,0.6,1,2.8,0.657891803
1,0.6,1,3,0.7571539086
1,0.6,1,3.2,0.8635762386
1,0.6,1,3.4,0.9771874932
1,0.6,1,3.6,1.0980153723
1,0.6,1,3.8,1.226084776
1,0.6,1,4,1.361423904
1,0.6,1,4.2,1.504055757
1,0.6,1,4.4,1.654005334
1,0.6,1,4.6,1.811295636
1,0.6,1,4.8,1.975950662
1,0.6,1,5,2.147992413
